Model,Reward_Mean,Reward_Std,KL_Mean,KL_Std
Base,0.3543430607020855,0.5959195281694327,0.0,0.0
DPO,0.602157650589943,1.0256544913994508,-0.07518716294318434,0.022598395170758036
GRPO,1.0032605975866318,0.2614110645384432,5.679880592823029,1.354967070001953
PPO,0.5646653612703085,0.3443496031388912,4.777888720035553,1.3852091636092656
